<?xml version="1.0" encoding="utf-8"?>
<extension version="1.6" type="plugin" group="system" method="upgrade">
	<name>System - Share Dock Social Network Buttons</name>
	<author>Zasha M.</author>
	<creationDate>18 May 2011</creationDate>
	<copyright>Copyright (C) 2011 eShiok.com. All rights reserved.</copyright>
	<license>http://www.gnu.org/licenses/gpl-2.0.html GNU/GPL</license>
	<authorEmail>support@eShiok.com</authorEmail>
	<authorUrl>www.eShiok.com</authorUrl>
	<version>1.0</version>
	<description>If you like the OS X dock, you'll love this Joomla plugin which feature OS X Dock for Social Network Buttons (Facebook, Digg, MySpace, StumbleUpon, Twitter, Reddit, My iBook and more. It is originally making use of Zurb's recreation of OS X Dock with JQuery, cool icons from IconDock and powered by AddThis</description>
	<files>
		<filename plugin="sharedocksocialnetworkbuttons">sharedocksocialnetworkbuttons.php</filename>
		<filename>favorites.png</filename>
		<filename>myibook.png</filename>
	</files>
	<config>
	<fields name="params">
		<fieldset name="basic">
			<field name="background_color" type="text" default="#" label="Background Color (Leave # only to follow your template default background color)" description="In RGB Hex. i.e. #516018, leave as # for default"/>
		</fieldset>
	</fields>
</config>
</extension>
